promotion,Emplyee name retrenchment
Adelaide L Harrop,Abbey Schindler
Aiko Blossom,Abe J Macleod
Alexis Q Grose,Abe Morales
Aliza X Sammons,Abe X Paro
America V Lobel,Abram Q Keffer
Amiee Z Chaffins,Abram S Manrique
Andrew Detweiler,Adam B Katzer
Brendon E Mone,Adele M Burnam
Buck H Rancourt,Adelia Abbas
Candelaria Zajicek,Adelia U Villagomez
Carlotta T Ryles,Adell W Trower
Carmelia E Bergeron,Adella U Foushee
Carolin T Loya,Adelle E Brunner
Carolynn V Moynihan,Adria M Melendrez
Cecily D Houser,Adriana O Medved
Celine Baskin,Agnes Blow
Christie Rodger,Agnes D Doud
Clemente S Wiechmann,Ahmad V Lynde
Deanna P Scoggin,Ahmed C Minch
Detra D Rymer,Ahmed I Strope
Devin Hales,Ahmed V Lease
Dulce E Grizzard,Aiko Blossom
Edmund Mcclung,Aileen F Hiltz
Elsy B Latta,Aileen Hiltz
Fernando S Korhonen,Akiko S Godby
Garnett Dryer,Al Fegley
Garrett S Nolette,Alanna L Tyrell
Inocencia Z Buteau,Albert Z Dunford
Jamaal Z Resto,Alda F Penning
Jamel Meaney,Alden Cauley
Janie P Caswell,Alden Y Cauley
Jayson S Carrol,Alease Lander
Jeff E Lucero,Alease Y Lander
Jeneva Y Bybee,Alec Mcnees
Jerlene P Dunnigan,Aleisha H Mathew
Jolanda Dewees,Alesia B Bear
Jon Arvizu,Alexis C Amaral
Jon Behler,Alexis D Bonelli
Jordan Phu,Alfonzo Knupp
Julius Q Stock,Alfred L Strausbaugh
Kaye Tubbs,Alina L Prowell
Keira Y Till,Alise Baltzell
Ken X Weisberg,Alise O Baltzell
Kendrick C Burchette,Alisha D Coppock
Kenton Q Villalta,Aliza X Sammons
Kylie K Freda,Allen L Vachon
Larry K Mash,Allene T Lepe
Laurena P Caston,Alline V Kushner
Loren H Mckenzie,Allyson I Ours
Mack L Lykes,Almeda M Dunford
Mauricio I Streets,Alonzo W Stanford
Maximina K Frates,Alphonso Laffoon
Narcisa C Rayburn,Alphonso U Laffoon
Nettie T Mccandless,Alysia Basil
Patria D Riedel,Amada J Knouse
Reinaldo G Castellanos,Amado C Bonet
Renaldo K Cheatham,Amelia H Burbank
Scott D Torrey,Analisa X Birdsell
Sheryll X Broadbent,Andre Q Maxon
Stephan Q Ranger,Andrea Rhymes
Stewart Mazurek,Andreas L Kennard
Susana H Hooks,Andreas T Viles
Taneka Q Church,Andres P Towles
Taylor Thill,Andres S Garner
Therese Q Belden,Andrew D Hersey
Tiny Q Llanos,Andrew P Detweiler
Toney W Bollman,Andria Z Reza
Toya B Rawlins,Angel F Palomino
Valene Z Woodmansee,Angel Ferebee
Vaughn Garica,Angela P Lorenzen
Vernell X Amado,Angelo B Fitzmaurice
Walton S Keim,Anibal F Pieper
Abbey Schindler,Anisha Jasmin
Abe J Macleod,Annabelle E Encinas
Abe Morales,Annette Jolin
Abe X Paro,Antone Polston
Abram Q Keffer,Antone W Polston
Abram S Manrique,Archie Blair
Adalberto W Creek,Arden B Fujita
Adam B Katzer,Arlen F Maly
Adele M Burnam,Arlen Joly
Adelia Abbas,Arlen M Joly
Adelia U Villagomez,Arlen Z Vanslyke
Adell W Trower,Armando H Seaborn
Adella U Foushee,Armida Bridwell
Adelle E Brunner,Arnoldo D Mckeen
Adria M Melendrez,Aron Durante
Adriana O Medved,Arron R Vegas
Agnes Blow,Arturo N Halvorsen
Agnes D Doud,Ashanti R Swim
Ahmad V Lynde,Ashlie G Cadena
Ahmed C Minch,Asley F Mcewan
Ahmed I Strope,Astrid Marinelli
Ahmed V Lease,Astrid R Marinelli
Aileen F Hiltz,Asuncion X Braunstein
Aileen Hiltz,Audrea B Prather
Akiko S Godby,Audrea K Papineau
Al Fegley,Audria W Barrios
Alanna L Tyrell,Audrie X Mccammon
Albert Z Dunford,August C Strother
Alda F Penning,August F Dones
Alden Cauley,Augusta G Kircher
Alden Y Cauley,Aundrea W Lundberg
Alease Lander,Aurelio K Wyckoff
Alease Y Lander,Austin Janney
Alec Mcnees,Ayako Bachmann
Aleisha H Mathew,Ayako L Bachmann
Alesia B Bear,Barak Sali
Alexis C Amaral,Barrie Collman
Alexis D Bonelli,Barrie E Collman
Alfonzo Knupp,Bart B Gilcrease
Alfred L Strausbaugh,Beatrice A Knopf
Alina L Prowell,Beatrice Coen
Alise Baltzell,Beatrice T Coen
Alise O Baltzell,Belva Fitzwater
Alisha D Coppock,Ben Gigliotti
Allen L Vachon,Ben Lagrange
Allene T Lepe,Ben N Lamson
Alline V Kushner,Ben U Gigliotti
Allyn O Farrior,Benedict B Wix
Allyson I Ours,Benedict U Daye
Almeda M Dunford,Berna Z Stoller
Alonzo W Stanford,Bernard A Harbert
Alphonso Laffoon,Bernard Harbert
Alphonso U Laffoon,Bernard N Weatherly
Alysia Basil,Bernarda E Gervais
Amada J Knouse,Bernardina X Roesch
Amado C Bonet,Bernardo I Garzon
Amelia H Burbank,Bernardo X Barbee
Analisa X Birdsell,Bert Q Lauritzen
Andre Q Maxon,Bert S Kinkade
Andrea Rhymes,Bertha E Harbison
Andreas L Kennard,Beryl Helsel
Andreas T Viles,Bethann Marini
Andres P Towles,Bill Tarkington
Andres S Garner,Billie Liang
Andrew D Hersey,Birdie Savoy
Andrew P Detweiler,Blanch Y Mysliwiec
Andria Z Reza,Bo E Curlee
Angel F Palomino,Bobbie P Chumley
Angel Ferebee,Bobbie Q Holbrook
Angela P Lorenzen,Bobbie S Miner
Angelo B Fitzmaurice,Bobbie X Schoenrock
Anibal F Pieper,Bong M Alvares
Anisha Jasmin,Bonny Poor
Annabelle E Encinas,Bonny S Poor
Annette Jolin,Boris A Mccown
Antone Polston,Brad I Pattison
Antone W Polston,Bradford K Marlatt
Archie Blair,Brande Sevier
Arden B Fujita,Brendon J Camp
Arlen F Maly,Brendon V Crowther
Arlen Joly,Brent U Perlman
Arlen M Joly,Brenton U Boyett
Arlen Z Vanslyke,Bret C Delancey
Armando H Seaborn,Brett Z Vadnais
Armida Bridwell,Bridget Rake
Arnoldo D Mckeen,Brigitte D Fendley
Aron Durante,Britt P Shivers
Arron R Vegas,Britt Shivers
Arturo N Halvorsen,Bruna R Welke
Asa E Kunze,Bryan J Stampley
Ashanti R Swim,Bryan V Guyton
Ashlie G Cadena,Bryanna Pyron
Asley F Mcewan,Bryant L Kinsman
Astrid Marinelli,Bryce B Edens
Astrid R Marinelli,Buck Rancourt
Asuncion X Braunstein,Bud Kistner
Audrea B Prather,Bud L Lofgren
Audrea K Papineau,Bud Lofgren
Audria W Barrios,Buddy G Steinbeck
Audrie X Mccammon,Buddy W Lofgren
August C Navarette,Buford Q Giancola
August C Strother,Bula Reich
August F Dones,Burton C Jin
Augusta G Kircher,Caleb Luther
Aundrea W Lundberg,Cameron Chamberland
Aurelio K Wyckoff,Cameron K Gratton
Austin Janney,Carey J Sandlin
Ayako Bachmann,Carey N Mccready
Ayako L Bachmann,Carl M Paddock
Barak Sali,Carlo B Ali
Barrie Collman,Carlos Banh
Barrie E Collman,Carlton P Bose
Bart B Gilcrease,Carlton P Mahurin
Beatrice A Knopf,Carly L Sirianni
Beatrice Coen,Carmelia R Lattimer
Beatrice T Coen,Carmen F Barret
Bell N Molinaro,Carmen U Benbow
Belva Fitzwater,Carmon A Howlett
Ben Gigliotti,Carolin T Loya
Ben Lagrange,Carolina B Pasillas
Ben N Lamson,Carolynn V Moynihan
Ben U Gigliotti,Carrol Arend
Benedict B Wix,Carrol O Arend
Benedict U Daye,Carter B Hilderbrand
Bennie E Manfredi,Carter C Hunt
Benny S Brinker,Casey D Krier
Berna Z Stoller,Cassaundra K Polito
Bernard A Harbert,Cayla Mealy
Bernard Harbert,Cecil Teixeira
Bernard N Weatherly,Cecily D Houser
Bernarda E Gervais,Cedrick Engelhardt
Bernardina X Roesch,Cedrick K Engelhardt
Bernardo I Garzon,Cedrick M Cordle
Bernardo X Barbee,Celesta L Reeser
Bernie M Kish,Celestine H Alderson
Bert Q Lauritzen,Celinda C Magruder
Bert S Kinkade,Celine Baskin
Bertha E Harbison,Chadwick I Hargreaves
Beryl Helsel,Charity N Denman
Bethann Marini,Charles S Nicholes
Bill Tarkington,Charlie Moxley
Billie Liang,Charlie V Koeller
Birdie Savoy,Chase J Paradise
Blanch Y Mysliwiec,Chase Paradise
Bo E Curlee,Chase T Scurry
Bobbie P Chumley,Chau R Barron
Bobbie Q Holbrook,Chauncey Southerland
Bobbie S Miner,Chaya W Caudle
Bobbie X Schoenrock,Chere Patchett
Bong M Alvares,Cheree Lusk
Bonny Poor,Chester N Sitz
Bonny S Poor,Chi S Clopton
Boris A Mccown,Ching D Applegate
Brad I Pattison,Chris Braggs
Bradford K Marlatt,Chrissy H Edmonson
Brande Sevier,Christena Kratz
Brendon J Camp,Christene Blakemore
Brendon V Crowther,Christene L Mccaleb
Brent U Perlman,Christi H Amaker
Brenton U Boyett,Christoper K Manzano
Bret C Delancey,Chung J Moynihan
Brett Z Vadnais,Cicely W Colton
Bridget D Spadaro,Cindie T Madden
Bridget Rake,Clara B Sifuentes
Brigitte D Fendley,Clarence Hinkson
Britt P Shivers,Clarence J Hinkson
Britt Shivers,Claretta D Wingert
Bruna R Welke,Clark Spence
Bryan J Stampley,Claudio Q Bien
Bryan V Guyton,Clemente S Wiechmann
Bryanna Pyron,Clemmie F Montague
Bryant L Kinsman,Cleveland A Zinke
Bryce B Edens,Cleveland Franko
Buck Rancourt,Cleveland W Franko
Bud Kistner,Clint Q Orear
Bud L Lofgren,Clint Q Strayhorn
Bud Lofgren,Clint Strayhorn
Buddy G Steinbeck,Clinton Tschida
Buddy W Lofgren,Clotilde Mason
Buford Q Giancola,Clotilde X Mason
Bula Reich,Clyde P Ponton
Burton C Jin,Cole Dellinger
Caleb Luther,Cole M Dellinger
Cameron A Chamberland,Colin V Likens
Cameron Chamberland,Colleen B Lenihan
Cameron K Gratton,Colton B Salzman
Candelaria Q Zajicek,Colton Salzman
Carey J Sandlin,Conrad R Saito
Carey N Mccready,Conrad Saito
Carl M Paddock,Cordell M Tweedy
Carlo B Ali,Cordell Riche
Carlos Banh,Cordia M Knopp
Carlton P Bose,Corey F Stowe
Carlton P Mahurin,Corina U Korhonen
Carly L Sirianni,Cortez F Espiritu
Carmelia R Lattimer,Coy I Gentner
Carmen F Barret,Cristal Q Kucharski
Carmen U Benbow,Cristi T Clem
Carmon A Howlett,Crystal Comes
Carolina B Pasillas,Crystal U Comes
Carrol Arend,Curtis E Quayle
Carrol O Arend,Cyndy Ary
Carter B Hilderbrand,Cyndy H Ary
Carter C Hunt,Cythia I Stecker
Casey D Krier,Daina U Ledet
Cassaundra K Polito,Dale Childers
Cayla Mealy,Dale E Childers
Cecil Teixeira,Damian F Mcgaughey
Cedric N Cavallo,Damian X Grist
Cedrick Engelhardt,Damien A Izquierdo
Cedrick K Engelhardt,Dane Lawrence
Cedrick M Cordle,Danette A Kuykendall
Celesta L Reeser,Daniel L Nava
Celestine H Alderson,Danilo Hammes
Celinda C Magruder,Danilo S Hammes
Chadwick I Hargreaves,Darcel P Burford
Charity N Denman,Darin Keitt
Charles S Nicholes,Darin U Shipp
Charlie Moxley,Darren U Shoulders
Charlie V Koeller,Darron Tittle
Chase J Paradise,Darwin W Lemoine
Chase Paradise,Davida A Funkhouser
Chase T Scurry,Davis Z Gaylor
Chau R Barron,Dawna T Woodbury
Chauncey Southerland,Dawne Y Gardner
Chaya W Caudle,Dayna M Edmondson
Chere Patchett,Deandre U Groleau
Cheree Lusk,Deane I Keown
Chester N Sitz,Debbie C Lipsey
Chi S Clopton,Debrah X Flury
Ching D Applegate,Deeanna E Cluck
Chris Braggs,Delana I Selfridge
Chrissy H Edmonson,Delana Y Freedman
Christena Kratz,Delfina O Day
Christene Blakemore,Delphine P Carpio
Christene F Blakemore,Delsie R Tennison
Christene L Mccaleb,Demarcus Recio
Christi H Amaker,Denis T Yelle
Christoper K Manzano,Denis Y Fehr
Chung J Moynihan,Dennis K Cayer
Cicely W Colton,Deon U Mounce
Cindie T Madden,Derick A Macey
Clara B Sifuentes,Derrick Culbreth
Clarence Hinkson,Deshawn O Mankin
Clarence J Hinkson,Desirae D Ginn
Claretta D Wingert,Desirae Ginn
Clark Spence,Desiree L Sobel
Claudio Q Bien,Devin U Hales
Clemmie F Montague,Dewayne X Groom
Cleveland A Zinke,Dian I Peachey
Cleveland Franko,Dion K Taylor
Cleveland W Franko,Dion Taylor
Cliff Skipworth,Don Southwick
Clint Q Orear,Donald H Mazur
Clint Q Strayhorn,Donald P Phaneuf
Clint Strayhorn,Dong B Sturdevant
Clinton Tschida,Dong Sturdevant
Clotilde Mason,Donna R Woodrum
Clotilde X Mason,Donnell Babbitt
Clyde P Ponton,Donte H Granger
Cole Dellinger,Donya G Rodden
Cole M Dellinger,Dorethea U Engram
Cole N Poling,Doria Z Crouse
Colin V Likens,Dorla G Westberry
Colleen B Lenihan,Dorothea J Canterbury
Colton B Salzman,Dorothy Gard
Colton Salzman,Dorothy Q Gard
Conrad R Saito,Dortha Z Harty
Conrad Saito,Dottie D Hagaman
Cordell M Tweedy,Dottie Hagaman
Cordell Riche,Doug B Southwick
Cordia M Knopp,Douglas Cull
Corey F Stowe,Dovie F Larue
Corina U Korhonen,Dovie Nickerson
Cortez F Espiritu,Dovie U Nickerson
Coy I Gentner,Doyle Grindstaff
Cristal Q Kucharski,Doyle N Utter
Cristi T Clem,Doyle T Grindstaff
Crystal Comes,Drucilla Simkins
Crystal U Comes,Dudley G Slocum
Curtis E Quayle,Dudley Slocum
Cyndy Ary,Dulce Grizzard
Cyndy H Ary,Duncan O Maheu
Cythia I Stecker,Dustin Y Espey
Daina U Ledet,Dusty L Kugler
Dale Childers,Dwain O Upham
Dale E Childers,Dwain Upham
Damian F Mcgaughey,Dwayne Marker
Damian X Grist,Dwayne W Marker
Damien A Izquierdo,Earlean Funke
Dane Lawrence,Earlean Y Funke
Danette A Kuykendall,Earnest H Birkholz
Daniel L Nava,Eartha Z Oceguera
Danilo Hammes,Ed Shockley
Danilo S Hammes,Ed X Shockley
Darcel P Burford,Eda O Brase
Darin Keitt,Edgar Teer
Darin U Shipp,Edmund K Masuda
Darren U Shoulders,Edmundo R Rew
Darron Tittle,Edra M Guthrie
Darwin W Lemoine,Effie Jelinek
Davida A Funkhouser,Efrain L Wass
Davis Z Gaylor,Efrain Moats
Dawna T Woodbury,Efren G Ager
Dawne Y Gardner,Eladia A Braggs
Dayna M Edmondson,Elaine B Randazzo
Deandre U Groleau,Eldridge Bose
Deane I Keown,Eldridge M Benningfield
Debbie C Lipsey,Eleanor D Dickson
Debrah X Flury,Eleanora Farthing
Dee Joslyn,Elease H Burger
Deeanna E Cluck,Elenor B Gibbs
Delana I Selfridge,Elenora S Whitehill
Delana Y Freedman,Elenora V Halley
Delfina O Day,Eleonora Pollard
Delphine P Carpio,Eleonora S Pollard
Delsie R Tennison,Elias Pinkard
Demarcus Recio,Elias Y Pinkard
Denis T Yelle,Elijah P Elkin
Denis Y Fehr,Elijah X Ahmad
Dennis K Cayer,Eliz R Linneman
Deon U Mounce,Elliott Chess
Derick A Macey,Ellis J Mccune
Derrick Culbreth,Ellis V Mcneel
Deshawn O Mankin,Elmo G Pagano
Desirae D Ginn,Elois Z Ono
Desirae Ginn,Eloise Demoss
Desiree L Sobel,Eloise Z Demoss
Devin U Hales,Elroy Kimbler
Dewayne X Groom,Elroy L Shorts
Dian I Peachey,Elroy N Kimbler
Digna Q Eck,Elsie S Depaz
Dion K Taylor,Elsy Beyer
Dion Taylor,Elvis Stroh
Don Southwick,Elwood T More
Donald H Mazur,Emeline I Richer
Donald P Phaneuf,Emery P Sorrells
Dong B Sturdevant,Emiko Z Lolley
Dong Sturdevant,Emile Aponte
Donna R Woodrum,Emma Dice
Donnell Babbitt,Emma Monti
Donte H Granger,Emma X Monti
Donya G Rodden,Emmanuel G Chamorro
Dorethea U Engram,Emmitt X Plante
Doria Z Crouse,Employees
Dorla G Westberry,Ena Mullins
Dorothea J Canterbury,Ena Thor
Dorothy Gard,Enda Kirchner
Dorothy Q Gard,Eric C Irvine
Dortha Z Harty,Erica S Harlan
Dottie D Hagaman,Erik W Steffen
Dottie Hagaman,Erin K Stclair
Doug B Southwick,Erin L Jasmin
Douglas Cull,Ernestine E Fludd
Dovie F Larue,Ernestine Fludd
Dovie Nickerson,Esmeralda N Veliz
Dovie U Nickerson,Estella E Miley
Doyle Grindstaff,Etsuko O Wilmot
Doyle N Utter,Ettie S Stilwell
Doyle T Grindstaff,Eveline B Strecker
Doyle Utter,Evon Q Lawson
Drucilla Simkins,Ewa B Staples
Dudley G Slocum,Exie C Bradham
Dudley Slocum,Ezequiel N Shell
Dulce Grizzard,Ezra Calvert
Duncan O Maheu,Fabian Say
Dustin Y Espey,Faustino Scheffel
Dusty L Kugler,Fawn Buckman
Dwain O Upham,Fe A Schrock
Dwain Upham,Federico B Edmond
Dwayne Marker,Federico Edmond
Dwayne W Marker,Federico I Carlile
Earlean Funke,Felisha Q Ettinger
Earlean Y Funke,Felix S Croker
Earnest H Birkholz,Femi Grek
Eartha Z Oceguera,Ferdinand Ramsdell
Ed Shockley,Fermin L Zapata
Ed X Shockley,Fernando Korhonen
Eda O Brase,Forest Z Blewett
Edgar Teer,Forest Z Hacker
Edmund K Masuda,Forrest Q Zell
Edmundo R Rew,Francis O Encarnacion
Edra M Guthrie,Frank O Mallon
Effie Jelinek,Frankie I Speed
Efrain L Wass,Franklyn V Hummell
Efrain Moats,Freddie C Headen
Efren G Ager,Freddy A Rolling
Ela K Hames,Freddy Rolling
Eladia A Braggs,Fredericka J Varney
Elaine B Randazzo,Gabriel S Beale
Eldridge B Bose,Galina G Woodbury
Eldridge Bose,Garland J Verville
Eldridge M Benningfield,Garland Z Leavell
Eleanor D Dickson,Garret Flakes
Eleanora Farthing,Gavin V Mckillip
Elease H Burger,Gearldine Stolte
Elenor B Gibbs,Gema S Grover
Elenora S Whitehill,Gemma I Chilton
Elenora V Halley,Genaro Lukasik
Eleonora Pollard,George U Clouser
Eleonora S Pollard,Georgiann C Harrell
Elias Pinkard,Georgiann Harrell
Elias Y Pinkard,Gerardo Q Bergen
Elijah P Elkin,Geri M Tuthill
Elijah X Ahmad,Gerry D Woolery
Eliz R Linneman,Gerry Harvey
Elliott Chess,Gerry X Koh
Ellis J Mccune,Gertrud B Glidden
Ellis V Mcneel,Gertrud Glidden
Elmo G Pagano,Gia M Casas
Elois Z Ono,Gidget X Loring
Eloise Demoss,Gilbert M Wolfgram
Eloise Z Demoss,Gilbert Z Bloss
Elroy Kimbler,Gilberto U Greaves
Elroy L Shorts,Giovanna M Clift
Elroy N Kimbler,Giuseppe D Chouinard
Elsie S Depaz,Giuseppina Dagostino
Elsy Beyer,Giuseppina E Fink
Elvis J Stroh,Giuseppina N Dagostino
Elvis Stroh,Glady Q Kump
Elvis Veiga,Glenn N Vinyard
Elwood T More,Glenn Vinyard
Emeline I Richer,Gracie P Lett
Emery P Sorrells,Grady Y Perera
Emiko Z Lolley,Graham O Romeo
Emile Aponte,Gregorio H Hottinger
Emma Dice,Gregory I Kidwell
Emma Monti,Grisel Sutton
Emma X Monti,Grover Mcgahey
Emmanuel G Chamorro,Guillermo X Schwan
Emmitt X Plante,Gustavo F Rouse
Employees,Guy S Troy
Ena Mullins,Gwyn E Etzel
Ena Thor,Gwyn Etzel
Enda Kirchner,Gwyn I Parish
Eric C Irvine,Gwyn N Mitzel
Erica S Harlan,Hai Y Arden
Erik W Steffen,Hal K Kells
Erin K Stclair,Hal Kells
Erin L Jasmin,Haley G Bova
Ernestine E Fludd,Hannah K Ma
Ernestine Fludd,Hans G Koh
Esmeralda N Veliz,Harriett A Mccurry
Estella E Miley,Hassan Radabaugh
Etsuko O Wilmot,Hayden E Novack
Ettie S Stilwell,Hayden J Jang
Eveline B Strecker,Heath Aikin
Evon Q Lawson,Heath Fell
Ewa B Staples,Heath K Fell
Exie C Bradham,Herb B Irving
Ezequiel N Shell,Heriberto Rollo
Ezra Calvert,Heriberto Starkey
Fabian Say,Heriberto Y Starkey
Faustino Scheffel,Herlinda U Negron
Fawn Buckman,Hermila X Crosslin
Fe A Schrock,Hester B Cabana
Federico B Edmond,Hettie S Lauber
Federico Edmond,Hiram K Stokely
Federico I Carlile,Holley M Cathcart
Felisha Q Ettinger,Holli G Ethridge
Felix S Croker,Hollis Z Carr
Femi Grek,Homer Hollowell
Ferdinand Ramsdell,Horace Hobart
Fermin L Zapata,Horacio S Salazar
Fernando Korhonen,Hosea B Michelson
Forest Z Blewett,Houston K Joe
Forest Z Hacker,Hoyt O Reiss
Forrest Q Zell,Hubert L Kirkland
Francis O Encarnacion,Hugh N Chavira
Frank O Mallon,Hui Bizzell
Frankie I Speed,Hui E Bizzell
Franklyn V Hummell,Hung H Nicola
Freddie C Headen,Hyun M Gloss
Freddy A Rolling,Hyun Z Bynoe
Freddy Rolling,Iliana Fogle
Fredericka J Varney,Iliana M Fogle
Gabriel E Pearsall,Ilse X Harr
Gabriel S Beale,Ingeborg Z Weisser
Galina G Woodbury,Inger Gillan
Garland J Verville,Irene Ellerbee
Garland Z Leavell,Irving C Pillar
Garret Flakes,Irwin River
Garrett Nolette,Isaac O Dempster
Gavin V Mckillip,Isaac Tsan
Gearldine Stolte,Isabella X Russell
Gema S Grover,Isaiah G Parrish
Gemma I Chilton,Isaiah Y Magwood
Genaro Lukasik,Isiah S Coppock
George U Clouser,Isiah Wilkie
Georgiann C Harrell,Isis F Hash
Georgiann Harrell,Isis N Rufus
Gerardo Q Bergen,Isobel K Dance
Geri M Tuthill,Israel T Hertzler
Gerry D Woolery,Isreal F Metoyer
Gerry Harvey,Isreal Metoyer
Gerry X Koh,Ivan A Groner
Gertrud B Glidden,Izetta B Alford
Gertrud Glidden,Izola E Ye
Gia M Casas,Jacinda X Michalec
Gidget X Loring,Jacinta Y Cheney
Gilbert M Wolfgram,Jack J Warfel
Gilbert Z Bloss,Jack Partin
Gilberto U Greaves,Jackie P Montague
Giovanna M Clift,Jackie Sachs
Giuseppe D Chouinard,Jae B Isabell
Giuseppina Dagostino,Jaleesa I Averett
Giuseppina E Fink,Jamaal Resto
Giuseppina N Dagostino,Jamal G Dimarco
Glady Q Kump,Jamey S Seim
Glenn N Vinyard,Jamison Crutchfield
Glenn Vinyard,Jamison U Crutchfield
Gracie P Lett,Janean A Tyler
Grady Y Perera,Janessa M Drennen
Graham O Romeo,Jaquelyn C Holzman
Gregorio H Hottinger,Jarred C Class
Gregory I Kidwell,Jarred Class
Grisel R Whitty,Jason V Gravois
Grisel Sutton,Jasper P Barnaby
Grover Mcgahey,Jayme B Shimer
Guillermo X Schwan,Jazmin Wheless
Gustavo F Rouse,Jc Meyers
Guy S Troy,Jc S Meyers
Gwyn E Etzel,Jeanetta N Norden
Gwyn Etzel,Jeanna U Li
Gwyn I Parish,Jeff E Lucero
Gwyn N Mitzel,Jeff Mallon
Hai Y Arden,Jeff W Zacarias
Hal K Kells,Jefferey Folkerts
Hal Kells,Jefferson N Thurman
Haley G Bova,Jeffery A Brafford
Hannah K Ma,Jeffrey Berg
Hans G Koh,Jenell S Sauers
Harland S Renshaw,Jeneva Y Bybee
Harriett A Mccurry,Jennefer Ours
Hassan Radabaugh,Jennifer Z Pridgen
Hayden E Novack,Jeramy F Metoyer
Hayden J Jang,Jeramy T Londono
Heath Aikin,Jeremiah Harriss
Heath Fell,Jeremiah N Curran
Heath K Fell,Jeremy Belew
Herb B Irving,Jerlene P Dunnigan
Heriberto Rollo,Jerome P Whitefield
Heriberto Starkey,Jerome Spangler
Heriberto Y Starkey,Jerome Whitefield
Herlinda U Negron,Jerrell Mcfarlin
Hermila X Crosslin,Jerri Dunkle
Hester B Cabana,Jesus E Mclelland
Hettie S Lauber,Jesus H Guillen
Hiram K Stokely,Jesus Tafolla
Holley M Cathcart,Jewel R Willhite
Holli G Ethridge,Jillian Harry
Hollis Z Carr,Jim J Lurie
Homer Hollowell,Jimmie A Rorie
Honey D Eaves,Jimmie Esqueda
Hong M Townson,Jimmie F Vasquez
Horace Hobart,Jimmy Canaday
Horacio S Salazar,Joanie N Folkerts
Hosea B Michelson,Joanna Deforest
Houston K Joe,Joanna H Deforest
Hoyt O Reiss,Joanna M Sandefur
Hubert L Kirkland,Joannie E Wolters
Hugh N Chavira,Joaquin Vaz
Hui Bizzell,Jody Slavens
Hui E Bizzell,Joel S Maine
Hung H Nicola,Joesph Y Shrout
Hyun M Gloss,Johnie Centers
Hyun Z Bynoe,Johnie V Centers
Iliana Fogle,Jolanda L Dewees
Iliana M Fogle,Joleen H Chea
Ilse X Harr,Joline Frisby
Ingeborg Z Weisser,Jon Behler
Inger Gillan,Jong Borchers
Irene Ellerbee,Jong U Borchers
Irving C Pillar,Jordan D Phu
Irwin River,Jorge R Coghlan
Isaac O Dempster,Jose P Tubbs
Isaac Tsan,Josette Betancourt
Isabella X Russell,Josette R Betancourt
Isaiah G Parrish,Josiah R Gutierres
Isaiah Y Magwood,Josie Hofman
Isiah S Coppock,Judith D Gourdine
Isiah Wilkie,Judith Gourdine
Isis F Hash,Judson Y Hodson
Isis N Rufus,Jules Shugart
Isobel K Dance,Julio Bryce
Israel T Hertzler,Julio Dockery
Isreal F Metoyer,Julio P Bryce
Isreal Metoyer,Julio P Dockery
Ivan A Groner,Julius N Bakker
Izetta B Alford,Junita Huhn
Izola E Ye,Junita Y Huhn
Jacinda X Michalec,Kaci Whitacre
Jacinta Y Cheney,Kacy Cairns
Jack J Warfel,Kali Kennamer
Jack Partin,Kandis Owenby
Jackie P Montague,Karie Renninger
Jackie Sachs,Karima Metivier
Jae B Isabell,Karisa B Glidewell
Jaleesa I Averett,Karisa Glidewell
Jamaal Resto,Karl O Langlinais
Jamal G Dimarco,Karlene L Mckean
Jamey S Seim,Kasi Blakeslee
Jamison Crutchfield,Kassie Akers
Jamison U Crutchfield,Kate O Paull
Janean A Tyler,Katelin F Coney
Janessa M Drennen,Katheryn Holtzclaw
Jaquelyn C Holzman,Katia Foran
Jarred C Class,Kaye Tubbs
Jarred Class,Keenan W Spruell
Jason V Gravois,Keila F Lofland
Jasper P Barnaby,Keira Till
Jayme B Shimer,Keith B Macha
Jazmin Wheless,Keith E Moyes
Jc Meyers,Keith Q Ofarrell
Jc S Meyers,Keitha Foran
Jeanetta N Norden,Kellee L Gravelle
Jeanna U Li,Kendrick Burchette
Jeff Mallon,Kendrick C Burchette
Jeff W Zacarias,Kenneth Lucius
Jefferey Folkerts,Kenton Villalta
Jefferson N Thurman,Kermit L Mcphail
Jeffery A Brafford,Kermit Mcphail
Jeffrey Berg,Kerri Y Card
Jenell S Sauers,Keven A Jewell
Jennefer Ours,Keven Bingham
Jenni Olguin,Keven F Bingham
Jennifer Z Pridgen,Keven H Araiza
Jeramy F Metoyer,Khalilah A Campo
Jeramy T Londono,Kiara G Abrahamson
Jeremiah Harriss,Kiara T Martinez
Jeremiah N Curran,Kieth D Castelli
Jeremy Belew,Kieth G Coney
Jerome P Whitefield,Kimberly Duquette
Jerome Spangler,Kimberly K Carr
Jerome Whitefield,Kindra V Cruickshank
Jerrell Mcfarlin,Kirby W Estrella
Jerri Dunkle,Kirstie Macey
Jesus E Mclelland,Kirstie W Macey
Jesus H Guillen,Kitty S Sickles
Jesus Tafolla,Kizzy W Brazelton
Jewel R Willhite,Korey I Garrity
Jillian Harry,Korey U Eddington
Jim J Lurie,Kori J Fairfax
Jimmie A Rorie,Kraig P Brownfield
Jimmie Esqueda,Kris Bice
Jimmie F Vasquez,Kris L Bice
Jimmy Canaday,Krishna G Raby
Joanie N Folkerts,Krissy S Valazquez
Joanna Deforest,Kristal F Bickford
Joanna H Deforest,Kristen A Beauchemin
Joanna M Sandefur,Kristie E Jain
Joannie E Wolters,Kristle D Figgs
Joaquin Vaz,Kristofer N Calahan
Jocelyn Q Scotti,Kristofer Y Fizer
Jody K Rude,Kurtis C Irons
Jody Slavens,Kylie K Freda
Joel S Maine,Lacy Deshotel
Joesph Y Shrout,Lacy Q Deshotel
Johnie Centers,Lakenya Z Mccroskey
Johnie V Centers,Lala C Marquez
Jolanda L Dewees,Lala R Denman
Joleen H Chea,Lamar A Partida
Joline Frisby,Lamar L Legg
Jong Borchers,Lamont J Brescia
Jong U Borchers,Lance Pennington
Jordan D Phu,Lanelle W Berlanga
Jorge R Coghlan,Larisa X Strauss
Jose P Tubbs,Larry Osby
Josette Betancourt,Lashaunda Y Munden
Josette R Betancourt,Latanya C Law
Josiah R Gutierres,Latrice Kirch
Josie Hofman,Lauren O Guzzi
Judith D Gourdine,Lauren R Hennessy
Judith Gourdine,Laurence K Ryles
Judson Y Hodson,Laurinda Dinh
Jules Shugart,Lavada Maldanado
Julio Bryce,Lavada W Maldanado
Julio Dockery,Lavette P Cheney
Julio P Bryce,Lawerence W Abernethy
Julio P Dockery,Leanna X Tibbetts
Julius N Bakker,Leda X Haskell
Junita Huhn,Leda Y Fabre
Junita Y Huhn,Leif Harness
Kaci Whitacre,Leif Y Harness
Kacy Cairns,Leigh Y Haws
Kali Kennamer,Leland C Fifield
Kandis Owenby,Leland David
Karie Renninger,Lemuel V Darden
Karima Metivier,Lemuel W Hardman
Karisa B Glidewell,Leonel S Yuan
Karisa Glidewell,Leonia Y Derosier
Karl O Langlinais,Leonore Reason
Karlene L Mckean,Leopoldo U Hole
Kasi Blakeslee,Leroy H Styron
Kassie Akers,Les Priolo
Kassie Q Binder,Les V Bejarano
Kate O Paull,Les V Gran
Katelin F Coney,Lesha K Cai
Katheryn Holtzclaw,Lesley Macpherson
Katia Foran,Leslie I Stolte
Katie N Kinnison,Leslie Stolte
Keenan W Spruell,Lester Coldiron
Keila A Lucas,Letha L Apel
Keila F Lofland,Leticia V Lewandowski
Keira Till,Lewis M Racette
Keith B Macha,Lezlie Z Bohannan
Keith E Moyes,Lia J Liner
Keith Q Ofarrell,Lia Liner
Keitha Foran,Liana T Quesenberry
Kellee L Gravelle,Liane U Grafton
Kendrick Burchette,Lianne M Sweeney
Kenneth Lucius,Lianne Sweeney
Kenton Villalta,Liberty A Shroyer
Kermit L Mcphail,Lidia Kuiper
Kermit Mcphail,Lidia S Gerling
Kerri Y Card,Ligia Hoeft
Keven A Jewell,Lilli Tartt
Keven Bingham,Lincoln D Cauley
Keven F Bingham,Lincoln D Demaria
Keven H Araiza,Lincoln Demaria
Khalilah A Campo,Lindsey W Whittle
Kiara G Abrahamson,Lindy M Reel
Kiara T Martinez,Linette Q Menard
Kieth D Castelli,Linh U Ashton
Kieth G Coney,Linn Plummer
Kimberlee J Hawkins,Lino M Lizarraga
Kimberly Duquette,Linsey P Orsini
Kimberly K Carr,Linwood H Carter
Kindra V Cruickshank,Linwood J Franqui
Kirby W Estrella,Lisa C Sheridan
Kirstie Macey,Lisette F Cowley
Kirstie W Macey,Liz R Lomonaco
Kitty S Sickles,Lizzette G Moyle
Kizzy W Brazelton,Lizzette Moyle
Korey I Garrity,Lizzie D Ratcliff
Korey U Eddington,Logan D Berryman
Kori J Fairfax,Lois Cozad
Kraig P Brownfield,Lona T Collar
Kris Bice,Londa Petrey
Kris L Bice,Londa T Maya
Krishna G Raby,Loraine Barnes
Krissy S Valazquez,Loralee V Ball
Kristal F Bickford,Loren I Casady
Kristen A Beauchemin,Loren Isaac
Kristie E Jain,Lorette Y Petrillo
Kristle D Figgs,Lorri Garney
Kristofer N Calahan,Lottie Bonin
Kristofer Y Fizer,Lottie G Bonin
Kristopher Alejos,Lou Baine
Kurtis C Irons,Louann X Sakamoto
Lacy Deshotel,Love G Lent
Lacy Q Deshotel,Lowell Demmer
Lakenya Z Mccroskey,Lucas Funes
Lala C Marquez,Lucas P Funes
Lala R Denman,Luciana N Campfield
Lamar A Partida,Lucienne U Clyne
Lamar L Legg,Lucinda Z Borton
Lamar W Estill,Lucius C Moorhead
Lamont J Brescia,Lucy Reiser
Lance Pennington,Luella W Kemmerer
Lanelle W Berlanga,Luigi G Lembo
Larisa Still,Luke S Tumlin
Larisa X Strauss,Lyla Donald
Larry Osby,Lyla Q Donald
Lashaunda Y Munden,Lyn Q Tso
Latanya C Law,Lyndon Dunkley
Latia Gleaton,Lynn M Blocher
Latrice Kirch,Lynwood Durfee
Launa N Kohl,Lynwood Q Durfee
Lauren O Guzzi,Mac Lineberry
Lauren R Hennessy,Mac U Palmquist
Laurence K Ryles,Mac V Lineberry
Laurinda Dinh,Mack L Lykes
Lavada Maldanado,Madalene J Martine
Lavada W Maldanado,Madelyn W Boos
Lavette P Cheney,Magaly Mcneel
Lawerence W Abernethy,Magaly U Mcneel
Leanna X Tibbetts,Maire Mair
Leda X Haskell,Malcolm Y Bonaparte
Leda Y Fabre,Malcom Darrah
Leif Harness,Malcom L Meister
Leif Y Harness,Man W Bean
Leigh Y Haws,Mandy Lavalley
Leland C Fifield,Mandy W Lavalley
Leland David,Marcell T Farias
Lemuel V Darden,Marcella Mapp
Lemuel W Hardman,Marcella Z Mapp
Lenny U Rister,Marcellus H Macintyre
Leonel S Yuan,Marcellus Jalbert
Leonia Y Derosier,Marco J Desilva
Leonore Reason,Marg Dunfee
Leopoldo U Hole,Margarett E Mulford
Leroy H Styron,Margarite E Blalock
Les Priolo,Margarito M Oxendine
Les V Bejarano,Margarito O Retana
Les V Gran,Margarito Retana
Lesha K Cai,Marget Dials
Lesley Macpherson,Margit E Gallion
Leslie I Stolte,Margit Gallaher
Leslie Stolte,Mariam F Pinheiro
Lester Coldiron,Mariano F Leary
Letha L Apel,Mariano Y Kyles
Leticia V Lewandowski,Maricela Pendergrass
Lewis M Racette,Marina X Quayle
Lezlie Z Bohannan,Maris S Briggs
Lia J Liner,Marissa S Hughes
Lia Liner,Marivel Seiter
Liana T Quesenberry,Mark F Hamman
Liane U Grafton,Marketta Candelaria
Lianne M Sweeney,Markus J Lamm
Lianne Sweeney,Marlana W Zak
Liberty A Shroyer,Marleen R Guyette
Lidia Kuiper,Marlon M Caddell
Lidia S Gerling,Marni O Otter
Ligia Hoeft,Mary Y Tate
Lilli Tartt,Maryellen E Zackery
Lincoln D Cauley,Maryellen H Hartness
Lincoln D Demaria,Maryjo Mccloy
Lincoln Demaria,Maryln H Springfield
Lindsey W Whittle,Marylouise Howland
Lindy M Reel,Marylyn K Ditto
Linette Q Menard,Marylynn Ealey
Linh U Ashton,Marylynn G Ealey
Linn Plummer,Mason Shiflett
Lino M Lizarraga,Mathilda Monty
Linsey P Orsini,Matt D Bramblett
Linwood H Carter,Mauricio I Streets
Linwood J Franqui,Mauricio U Talty
Lisa C Sheridan,Maxwell Azevedo
Lisette F Cowley,Maxwell H Azevedo
Liz R Lomonaco,Maybelle Rush
Lizzette G Moyle,Mckinley H Scofield
Lizzette Moyle,Meda I Hayner
Lizzie D Ratcliff,Mei H Silvera
Logan D Berryman,Melida R Corle
Lois Cozad,Mellissa Hembree
Lona T Collar,Mervin E Goering
Londa Petrey,Mervin Goering
Londa T Maya,Meryl B Jude
Loraine Barnes,Meryl Gow
Loralee V Ball,Meryl I Nau
Loren I Casady,Meryl Nau
Loren Isaac,Mica Z Herzberg
Lorette Y Petrillo,Micheal F Mcleroy
Lorri Garney,Mickey E Hentges
Lorriane P Ho,Mickey Hentges
Lottie Bonin,Micki R Jauregui
Lottie G Bonin,Mignon H Ballesteros
Lou Baine,Mignon Q Dills
Louann X Sakamoto,Miguel P Karp
Love G Lent,Mika J Rodriquez
Lowell Demmer,Mika Rodriquez
Lucas Funes,Mike A Waddington
Lucas P Funes,Miles Lambert
Luciana N Campfield,Miles N Light
Lucienne U Clyne,Millicent G Mangan
Lucinda Z Borton,Millicent Mangan
Lucius C Moorhead,Min X Buckmaster
Lucy Reiser,Mina P Shotwell
Luella W Kemmerer,Mina Shotwell
Luigi G Lembo,Minta J Branham
Luke S Tumlin,Mirian E Gorman
Lyla Donald,Mirtha Herzig
Lyla Q Donald,Mirtha X Herzig
Lyn Q Tso,Misti H Mendenhall
Lyn Tso,Misti Royal
Lyndon Dunkley,Moises U Hughs
Lynn M Blocher,Molly U Rasch
Lynwood Durfee,Monte F Mcginn
Lynwood Q Durfee,Monty C Hughes
Mac Lineberry,Morgan Carriere
Mac U Palmquist,Morgan K Rathbun
Mac V Lineberry,Morgan Leonetti
Madalene J Martine,Morgan O Carriere
Madelyn W Boos,Morgan V Leonetti
Magaly Mcneel,Mose Brucker
Magaly U Mcneel,Mose O Brucker
Maire Mair,Mumin Yusha
Malcolm Y Bonaparte,Murray D Pennock
Malcom Darrah,Myles G Strum
Malcom L Meister,Myra H Parra
Man W Bean,Myron Elsea
Mandy Lavalley,Myron V Elsea
Mandy W Lavalley,Nadia B Rosner
Marcell T Farias,Nancy V Trogdon
Marcella Mapp,Nannette Ressler
Marcella Z Mapp,Nannie Z Seeman
Marcellus H Macintyre,Natasha L Mcelhannon
Marcellus Jalbert,Nathan Avendano
Marco J Desilva,Nathan V Avendano
Marg Dunfee,Nathanael G Mcmillin
Margarett E Mulford,Nathanael Halloway
Margarite E Blalock,Nathanael W Ohl
Margarito M Oxendine,Neil Gebhard
Margarito O Retana,Neil V Gebhard
Margarito Retana,Neil Z Stoughton
Marget Dials,Nelida E Cheeks
Margit E Gallion,Nella Mckeown
Margit Gallaher,Nelson Dubuc
Margrett M Confer,Nelson O Dubuc
Mariam F Pinheiro,Neomi P Pitchford
Mariano F Leary,Nestor T Ventura
Mariano Y Kyles,Newton L Cromartie
Maricela Pendergrass,Newton V Scalia
Marina X Quayle,Ngoc P Pogue
Maris S Briggs,Ngoc X Watson
Marissa S Hughes,Nicholas B Salcedo
Marivel Seiter,Nick Q Packard
Mark F Hamman,Nickolas G Grossi
Marketta Candelaria,Nicola S Bellis
Markus J Lamm,Nicolle A Crothers
Marlana W Zak,Nigel K Wadsworth
Marleen R Guyette,Nigel O Sansom
Marlon M Caddell,Nigel V Dupras
Marni O Otter,Nikia Z Thrasher
Mary Y Tate,Nilsa Arambula
Maryellen E Zackery,Noah O Love
Maryellen H Hartness,Noble Sanderson
Maryjo Mccloy,Noel Garon
Maryln H Springfield,Nolan V Velazco
Marylouise Howland,Norris P Ewen
Marylyn K Ditto,Novella B Osman
Marylynn Ealey,Novella Osman
Marylynn G Ealey,Odette Gorden
Mason Shiflett,Olevia U Cartier
Mathilda Monty,Oliver Mouzon
Matt D Bramblett,Omer H Moultrie
Mauricio U Talty,Ona K Koepp
Maxwell Azevedo,Orval N Pichardo
Maxwell H Azevedo,Orval Olinger
Maybelle Rush,Orval Q Schlesinger
Mckinley H Scofield,Orville Marcantel
Meda I Hayner,Orville Massey
Mei H Silvera,Oscar R Bovee
Melida R Corle,Oswaldo Baumbach
Mellissa Hembree,Otha Sylvester
Mervin E Goering,Otha T Orrell
Mervin Goering,Otto Reilly
Meryl B Jude,Palmer O Beamer
Meryl Gow,Pansy Duchesne
Meryl I Nau,Pansy F Duchesne
Meryl Nau,Paola R Timberlake
Mica Z Herzberg,Paris U Leite
Micaela N Buker,Patrick H Gilleland
Micheal F Mcleroy,Patty Hosey
Mickey E Hentges,Paz J Hegwood
Mickey Hentges,Perry E Huddleston
Micki R Jauregui,Perry Outland
Mignon H Ballesteros,Pete B Donnelly
Mignon Q Dills,Petrina B Dampier
Miguel P Karp,Petrina Dampier
Mika J Rodriquez,Phil Czarnecki
Mika Rodriquez,Phil G Czarnecki
Mike A Waddington,Phil T Urena
Miles Lambert,Philip Trinidad
Miles N Light,Philip X Trinidad
Millicent G Mangan,Phillip Crabill
Millicent Mangan,Phyllis Figueredo
Min X Buckmaster,Porfirio Houghton
Mina P Shotwell,Porsche Dearing
Mina Shotwell,Prince Maloof
Minta J Branham,Providencia Hennings
Mirian E Gorman,Queenie M Alder
Mirtha Herzig,Quinn Linneman
Mirtha X Herzig,Rachelle M Burkhead
Misti H Mendenhall,Rafaela Madrid
Misti Royal,Rafaela N Madrid
Moises U Hughs,Raguel Yeager
Molly U Rasch,Ramon Heldt
Monte F Mcginn,Ramona V Hemphill
Monty C Hughes,Ramona W Rand
Morgan Carriere,Ramonita Z Fincher
Morgan K Rathbun,Randal J Kahle
Morgan Leonetti,Randal Kahle
Morgan O Carriere,Randee O Cassity
Morgan V Leonetti,Randee X Blunt
Mose Brucker,Raphael W Kellner
Mose O Brucker,Rashida M Durante
Mumin Yusha,Raye T Willmon
Murray D Pennock,Raymon I Chavarria
Myles G Strum,Raymond U Flavin
Myra H Parra,Reagan H Costas
Myron Elsea,Reanna I Hampton
Myron V Elsea,Reatha E Osby
Nadia B Rosner,Rebeca Kromer
Nancy V Trogdon,Reed O Vella
Nannette Ressler,Reed Vella
Nannie Z Seeman,Reggie Cramer
Natasha L Mcelhannon,Reinaldo Castellanos
Nathan Avendano,Renaldo K Cheatham
Nathan V Avendano,Rene Morel
Nathanael G Mcmillin,Ressie Goodwyn
Nathanael Halloway,Ressie I Goodwyn
Nathanael W Ohl,Retha G Nealy
Neil Gebhard,Rex K Dion
Neil V Gebhard,Reyes X Segal
Neil Z Stoughton,Reynalda M Millwood
Nelida E Cheeks,Rhett A Chapple
Nella Mckeown,Rhett H Goode
Nelson Dubuc,Rich Cleek
Nelson O Dubuc,Rich Q Rehberg
Neomi P Pitchford,Rich Rehberg
Nestor T Ventura,Richard C Truman
Newton L Cromartie,Richard J Fetter
Newton V Scalia,Richelle Haffner
Ngoc P Pogue,Richie I Weisz
Ngoc X Watson,Rick E Armenta
Nicholas B Salcedo,Rick Y Haefner
Nick Q Packard,Rickey I Delk
Nickolas G Grossi,Rina L Chacon
Nicola S Bellis,Rob Spier
Nicolle A Crothers,Robbie N Heckman
Nigel K Wadsworth,Robert Ancheta
Nigel O Sansom,Robert C Ancheta
Nigel V Dupras,Robert F Trudeau
Nikia Z Thrasher,Robert Winsor
Nilsa Arambula,Roberto A Fresquez
Noah O Love,Roberto U Derry
Noble Sanderson,Robin Z Stewart
Noel Garon,Rod Catania
Nolan V Velazco,Rodney Leonardo
Norris P Ewen,Rogelio Finnerty
Novella B Osman,Rogelio Ledezma
Novella Osman,Rolando Womble
Odette Gorden,Ronnie E Swim
Olevia U Cartier,Ronnie G Gumbs
Oliver Mouzon,Ronnie H Upton
Omer H Moultrie,Ronnie Upton
Ona K Koepp,Rory Syed
Oren M Mcnabb,Rosa Iler
Oren Mcnabb,Rosaline H Brenneman
Orval N Pichardo,Rosalva G Shepley
Orval Olinger,Rosanna D Standley
Orval Q Olinger,Roscoe Tunney
Orval Q Schlesinger,Roselia F Britton
Orville Marcantel,Rosella E Marron
Orville Massey,Rosemarie K Fellows
Oscar R Bovee,Rosetta Messerly
Oswaldo Baumbach,Rosette F Cascio
Otha Sylvester,Rosina Gonsalves
Otha T Orrell,Ross Imai
Otto Reilly,Rosy U Baumeister
Palmer O Beamer,Roy W Wilkie
Pansy Duchesne,Royal U Okeefe
Pansy F Duchesne,Royce K Goodwyn
Paola R Timberlake,Rozanne N Mielke
Paris U Leite,Rubin Confer
Patrick H Gilleland,Rubin E Confer
Patty Hosey,Ruby B Hare
Paz J Hegwood,Rueben X Pidgeon
Perry E Huddleston,Rufus F Furlong
Perry Outland,Rufus Neufeld
Pete B Donnelly,Russ I Teed
Petrina B Dampier,Russ U Belliveau
Petrina Dampier,Russel Baumer
Phil Czarnecki,Rusty Bibby
Phil G Czarnecki,Sal C Heiden
Phil T Urena,Salena I Santillan
Philip Trinidad,Salena Santillan
Philip X Trinidad,Salvatore J Lindell
Phillip Crabill,Sam C Limones
Phyllis Figueredo,Sam E Lacey
Porfirio Houghton,Samantha V Lucky
Porsche Dearing,Samuel Dart
Prince Maloof,Sanford Knee
Providencia Hennings,Scott K Ricco
Queenie M Alder,Selma Abram
Quinn Linneman,Sena U Delrosario
Rachelle M Burkhead,Serina Lingle
Rafaela Madrid,Seth N Lipsky
Rafaela N Madrid,Seth Willilams
Raguel Yeager,Shanelle Z Hick
Ramon Heldt,Shannon J Force
Ramona V Hemphill,Shanti F Quirion
Ramona W Rand,Shanti Quirion
Ramonita Z Fincher,Shara Millsap
Randal J Kahle,Sharda W Choudhury
Randal Kahle,Sharita Y Lombardi
Randee O Cassity,Sharlene Klein
Randee X Blunt,Sharonda Janzen
Raphael W Kellner,Sharri Z Gormley
Rashida M Durante,Sharyl Y Torian
Raye T Willmon,Shasta F Bay
Raymon I Chavarria,Shasta P Depuy
Raymond U Flavin,Shavon K Wescott
Raymundo Pecora,Shavonne B Boylan
Reagan H Costas,Shawanda Ostlund
Reanna I Hampton,Shayne T Claytor
Reatha E Osby,Sheila F Bergman
Rebeca Kromer,Shemika D Porterfield
Reed O Vella,Sherise Bledsoe
Reed Vella,Sherise C Bledsoe
Reggie Cramer,Sherlene E Mcdaniel
Reinaldo Castellanos,Sherryl B Raker
Rene Morel,Sherryl Raker
Ressie Goodwyn,Sheryll X Broadbent
Ressie I Goodwyn,Shirl M Caraballo
Retha G Nealy,Shirley H Mettler
Rex K Dion,Sidney D Amore
Reyes X Segal,Silas J Wojcik
Reynalda M Millwood,Silas S Pyatt
Reynaldo S Service,Silvana V Hendrix
Rhett A Chapple,Simon G Cromwell
Rhett H Goode,Sixta H Jo
Rich Cleek,Sixta Jo
Rich Q Rehberg,Sol Coffman
Rich Rehberg,Solange Landaverde
Richard C Truman,Son D Ricketts
Richard J Fetter,Sonny Najar
Richelle Haffner,Sophia F Knecht
Richie I Weisz,Stacey H Galante
Rick E Armenta,Stacy B Kennell
Rick Y Haefner,Stan I Folks
Rickey I Delk,Stan S Watt
Rina L Chacon,Stanley Caudill
Rob Spier,Stanley F Casillas
Robbie N Heckman,Stanton Y Cavallaro
Robert Ancheta,Stasia L Daley
Robert C Ancheta,Stefanie P Rose
Robert F Trudeau,Stephnie Millman
Robert Winsor,Steve S Everette
Roberto A Fresquez,Steven B Daigneault
Roberto U Derry,Steven Daigneault
Robin Z Stewart,Stuart Fullwood
Rod Catania,Suellen Eoff
Rodney Leonardo,Sunshine F Earle
Rogelio Finnerty,Susan Barra
Rogelio Ledezma,Susana Hooks
Rolando Womble,Susann A Faucett
Ronnie E Swim,Suzette F Lovejoy
Ronnie G Gumbs,Suzette Lovejoy
Ronnie H Upton,Sydney Trosper
Ronnie Upton,Sylvester Harmer
Rory Syed,Sylvester M Harmer
Rosa Iler,Sylvester Z Blackledge
Rosaline H Brenneman,Tad Laster
Rosalva G Shepley,Tad Portillo
Rosanna D Standley,Tad V Laster
Roscoe Tunney,Talisha F Nicklas
Roselia F Britton,Tamesha I Knepper
Rosella E Marron,Tamica J Holoman
Rosemarie K Fellows,Tammi S Garret
Rosetta Messerly,Tammy Staples
Rosette F Cascio,Tammy Z Lorentz
Rosina Gonsalves,Tanner Y Hollenbeck
Ross Imai,Tawanda E Buchanon
Rosy U Baumeister,Taylor O Thill
Roy W Wilkie,Tayna L Covarrubias
Royal U Okeefe,Teddy Kleinschmidt
Royce K Goodwyn,Tempie Peralta
Rozanne N Mielke,Terra D Routh
Rubin Confer,Terra Routh
Rubin E Confer,Terrance E Schiefelbein
Ruby B Hare,Terrell J Leader
Rueben X Pidgeon,Terrell Leader
Rufus F Furlong,Theda Timothy
Rufus Neufeld,Theresa Fitzmaurice
Russ I Teed,Theresa R Fitzmaurice
Russ U Belliveau,Theron T Kramer
Russel Baumer,Thomas B Felipe
Rusty Bibby,Thomas H Huang
Sal C Heiden,Thora Vanhook
Salena I Santillan,Thurman T Caceres
Salena Santillan,Tiffaney A Schoenberg
Salvatore J Lindell,Tiffaney Schoenberg
Sam C Limones,Tim N Schueller
Sam E Lacey,Tim U Kornegay
Samantha V Lucky,Timmy I Poteat
Sammy C Holtzclaw,Timmy Kitchens
Samuel Dart,Tinisha V Vince
Sanford Knee,Tiny Llanos
Sarita P Schubert,Tiny Z Oliveri
Scott K Ricco,Titus Eide
Selma Abram,Toby Riles
Sena U Delrosario,Tod Rene
Serina Lingle,Toi F Stallard
Seth N Lipsky,Tomas V Krout
Seth Willilams,Tommie S Fargo
Shanelle Z Hick,Tommy I Meadows
Shannon J Force,Tona S Huseby
Shanti F Quirion,Toney Buffum
Shanti P Brinegar,Tonia Silvis
Shanti Quirion,Tonia X Silvis
Shara Millsap,Tonja E Lenahan
Sharda W Choudhury,Tonja Lenahan
Sharita Y Lombardi,Tony E Keough
Sharlene Klein,Tony Keough
Sharonda Janzen,Towanda H Matson
Sharri Z Gormley,Tracey Lapinski
Sharyl Y Torian,Tracie J Winebarger
Shasta F Bay,Trent J Lockman
Shasta P Depuy,Tressa Q Standard
Shavon K Wescott,Tressa Standard
Shavonne B Boylan,Trey Kaiser
Shavonne Henkle,Tristan L Cockrell
Shawanda Ostlund,Tristan M Brackett
Shayne T Claytor,Troy J Higbee
Sheila F Bergman,Troy Michalski
Shemika D Porterfield,Tuan L Rhymes
Sherise Bledsoe,Tyler D Galindo
Sherise C Bledsoe,Tyler Galindo
Sherlene E Mcdaniel,Tyler N Larkins
Sherryl B Raker,Tyree W Linden
Sherryl Raker,Tyrell R Bramlett
Sherwood K Shire,Tyson High
Shirl M Caraballo,Ula W Hartl
Shirley H Mettler,Ulysses S Abate
Sidney D Amore,Un Zebrowski
Silas J Wojcik,Ute Outen
Silas S Pyatt,Valarie O Gorecki
Silvana V Hendrix,Valencia M Cuffee
Simon G Cromwell,Valene R Yost
Sixta H Jo,Valene Yost
Sixta Jo,Valentin Escoto
Sol Coffman,Valentin T Dearborn
Sol K Roger,Valentine Gibbon
Solange Landaverde,Valeria Fang
Son D Ricketts,Van E Broadbent
Sonny Najar,Van T Dotson
Sophia F Knecht,Vance Kuss
Stacey H Galante,Vasiliki E Thoman
Stacy B Kennell,Vasiliki Thoman
Stan I Folks,Vaughn N Garica
Stan S Watt,Velda V Larue
Stanley Caudill,Verla H Contreras
Stanley F Casillas,Vern T Lomeli
Stanton Y Cavallaro,Verona H Brobst
Stasia L Daley,Veronica I Mower
Stefanie P Rose,Vicki V Broussard
Stephnie Millman,Vicki Y Hargrave
Steve S Everette,Victor Helmuth
Steven B Daigneault,Victoria H Musson
Steven Daigneault,Vincent N Lennon
Stuart Fullwood,Vincenzo Rentschler
Suellen Eoff,Vinita E Chamber
Sunshine F Earle,Virgil R Yuen
Susan Barra,Vivienne X Binion
Susana Hooks,Voncile P Trojanowski
Susann A Faucett,Vonda U Mckinnis
Suzette F Lovejoy,Waldo Witmer
Suzette Lovejoy,Walter B Mcmorrow
Sydney Trosper,Walter H Hargreaves
Sylvester Harmer,Walter R Seddon
Sylvester M Harmer,Walton U Kapoor
Sylvester Z Blackledge,Warner I Manly
Tad Laster,Warren L Manion
Tad Portillo,Waylon Z Curtsinger
Tad V Laster,Wendolyn Riddle
Talisha F Nicklas,Whitney N Wasinger
Tamera Balser,Wiley U Maske
Tamesha I Knepper,Wilfred Honore
Tamica J Holoman,Wilhelmina Y Keaney
Tammi S Garret,William B Mcnerney
Tammy Staples,Williams Timko
Tammy Z Lorentz,Willian Zeringue
Tanner Y Hollenbeck,Willis D Weissman
Tawanda E Buchanon,Wilton Florence
Taylor O Thill,Windy Dudek
Tayna L Covarrubias,Windy Pharr
Teddy Kleinschmidt,Windy S Pharr
Tempie Peralta,Windy Valadez
Terra D Routh,Winona Slape
Terra Routh,Xochitl Hogan
Terrance E Schiefelbein,Xochitl Luse
Terrell J Leader,Yong Ramsey
Terrell Leader,Young Rueb
Theda Timothy,Young W Funes
Theresa Fitzmaurice,Yung G Booher
Theresa R Fitzmaurice,Yvone Seay
Theron T Kramer,Zachary Haugland
Thomas B Felipe,Zachary S Velasquez
Thomas H Huang,Zachary U Breeden
Thora Vanhook,Zachary Velasquez
Thurman T Caceres,Zachery Barna
Tiffaney A Schoenberg,Zack H Mumaw
Tiffaney Schoenberg,Zackary G Parkins
Tim N Schueller,Zana G Ordonez
Tim U Kornegay,Zane J Hurdle
Timmy I Poteat,Zella Renn
Timmy Kitchens,Zenia D Owings
Tinisha V Vince,Zoila X Nair
Tiny Llanos,Adalberto W Creek
Tiny Z Oliveri,Adelaide L Harrop
Titus Eide,Alexis Q Grose
Toby Riles,Allyn O Farrior
Tod Rene,America V Lobel
Toi F Stallard,Amiee Z Chaffins
Tomas V Krout,Andrew Detweiler
Tommie S Fargo,Asa E Kunze
Tommy I Meadows,August C Navarette
Tona S Huseby,Bell N Molinaro
Toney Buffum,Bennie E Manfredi
Toney O Gentle,Benny S Brinker
Tonia Silvis,Bernie M Kish
Tonia X Silvis,Brendon E Mone
Tonja E Lenahan,Bridget D Spadaro
Tonja Lenahan,Buck H Rancourt
Tony E Keough,Cameron A Chamberland
Tony Keough,Candelaria Q Zajicek
Towanda H Matson,Candelaria Zajicek
Tracey Lapinski,Carlotta T Ryles
Tracie J Winebarger,Carmelia E Bergeron
Trent J Lockman,Cedric N Cavallo
Tressa Q Standard,Christene F Blakemore
Tressa Standard,Christie Rodger
Trey Kaiser,Cliff Skipworth
Tristan L Cockrell,Cole N Poling
Tristan M Brackett,Deanna P Scoggin
Troy J Higbee,Dee Joslyn
Troy Michalski,Detra D Rymer
Tuan L Rhymes,Devin Hales
Tyler D Galindo,Digna Q Eck
Tyler Galindo,Doyle Utter
Tyler N Larkins,Dulce E Grizzard
Tyree W Linden,Edmund Mcclung
Tyrell R Bramlett,Ela K Hames
Tyson High,Eldridge B Bose
Ula W Hartl,Elsy B Latta
Ulysses S Abate,Elvis J Stroh
Un Zebrowski,Elvis Veiga
Ute Outen,Fernando S Korhonen
Valarie O Gorecki,Gabriel E Pearsall
Valencia M Cuffee,Garnett Dryer
Valene R Yost,Garrett Nolette
Valene Yost,Garrett S Nolette
Valentin Escoto,Grisel R Whitty
Valentin T Dearborn,Harland S Renshaw
Valentine Gibbon,Honey D Eaves
Valeria Fang,Hong M Townson
Van E Broadbent,Inocencia Z Buteau
Van T Dotson,Jamaal Z Resto
Vance Kuss,Jamel Meaney
Vasiliki E Thoman,Janie P Caswell
Vasiliki Thoman,Jayson S Carrol
Vaughn N Garica,Jenni Olguin
Velda V Larue,Jocelyn Q Scotti
Verla H Contreras,Jody K Rude
Vern T Lomeli,Jolanda Dewees
Verona H Brobst,Jon Arvizu
Veronica I Mower,Jordan Phu
Vicki V Broussard,Julius Q Stock
Vicki Y Hargrave,Kassie Q Binder
Victor Helmuth,Katie N Kinnison
Victoria H Musson,Keila A Lucas
Vikki N Lezama,Keira Y Till
Vincent N Lennon,Ken X Weisberg
Vincenzo Rentschler,Kenton Q Villalta
Vinita E Chamber,Kimberlee J Hawkins
Violet L Ertel,Kristopher Alejos
Virgil R Yuen,Lamar W Estill
Vivienne X Binion,Larisa Still
Voncile P Trojanowski,Larry K Mash
Vonda U Mckinnis,Latia Gleaton
Waldo Witmer,Launa N Kohl
Walter B Mcmorrow,Laurena P Caston
Walter H Hargreaves,Lenny U Rister
Walter R Seddon,Loren H Mckenzie
Walton U Kapoor,Lorriane P Ho
Warner I Manly,Lyn Tso
Warren L Manion,Margrett M Confer
Waylon Z Curtsinger,Maximina K Frates
Wendolyn Riddle,Micaela N Buker
Whitney N Wasinger,Narcisa C Rayburn
Wiley U Maske,Nettie T Mccandless
Wilfred Honore,Oren M Mcnabb
Wilhelmina Y Keaney,Oren Mcnabb
Willia Vath,Orval Q Olinger
William B Mcnerney,Patria D Riedel
Williams Timko,Raymundo Pecora
Willian Zeringue,Reinaldo G Castellanos
Willis D Weissman,Reynaldo S Service
Wilton Florence,Sammy C Holtzclaw
Windy A Dudek,Sarita P Schubert
Windy Dudek,Scott D Torrey
Windy Pharr,Shanti P Brinegar
Windy S Pharr,Shavonne Henkle
Windy Valadez,Sherwood K Shire
Winona Slape,Sol K Roger
Wm S Goldschmidt,Stephan Q Ranger
Xochitl Hogan,Stewart Mazurek
Xochitl Luse,Susana H Hooks
Yong Ramsey,Tamera Balser
Young Rueb,Taneka Q Church
Young W Funes,Taylor Thill
Yung G Booher,Therese Q Belden
Yvone Seay,Tiny Q Llanos
Zachary Haugland,Toney O Gentle
Zachary S Velasquez,Toney W Bollman
Zachary U Breeden,Toya B Rawlins
Zachary Velasquez,Valene Z Woodmansee
Zachery Barna,Vaughn Garica
Zack H Mumaw,Vernell X Amado
Zackary G Parkins,Vikki N Lezama
Zana G Ordonez,Violet L Ertel
Zane J Hurdle,Walton S Keim
Zella Renn,Willia Vath
Zenia D Owings,Windy A Dudek
Zoila X Nair,Wm S Goldschmidt
